{"root":[{"assemblyName":"Microsoft.MixedReality.OpenXR","nameSpace":"Microsoft.MixedReality.OpenXR","className":"AnchorSubsystem","methodName":"RegisterDescriptor","loadTypes":4,"isUnityClass":false},{"assemblyName":"Microsoft.MixedReality.OpenXR","nameSpace":"Microsoft.MixedReality.OpenXR","className":"PlaneSubsystem","methodName":"RegisterDescriptor","loadTypes":4,"isUnityClass":false},{"assemblyName":"Microsoft.MixedReality.OpenXR","nameSpace":"Microsoft.MixedReality.OpenXR","className":"RaycastSubsystem","methodName":"RegisterDescriptor","loadTypes":4,"isUnityClass":false},{"assemblyName":"Microsoft.MixedReality.OpenXR","nameSpace":"Microsoft.MixedReality.OpenXR","className":"SessionSubsystem","methodName":"RegisterDescriptor","loadTypes":4,"isUnityClass":false},{"assemblyName":"Microsoft.MixedReality.Toolkit.Async","nameSpace":"Microsoft.MixedReality.Toolkit.Utilities","className":"SyncContextUtility","methodName":"Initialize","loadTypes":1,"isUnityClass":false},{"assemblyName":"Microsoft.MixedReality.Toolkit","nameSpace":"Microsoft.MixedReality.Toolkit","className":"MixedRealityToolkit","methodName":"RegisterRuntimePlayModeListener","loadTypes":0,"isUnityClass":false},{"assemblyName":"Microsoft.MixedReality.Toolkit","nameSpace":"Microsoft.MixedReality.Toolkit","className":"MixedRealityPlayspace","methodName":"RuntimeInitializeOnLoadMethod","loadTypes":1,"isUnityClass":false},{"assemblyName":"Microsoft.MixedReality.Toolkit","nameSpace":"Microsoft.MixedReality.Toolkit.Windows.Utilities","className":"WindowsApiChecker","methodName":"CheckApiContracts","loadTypes":1,"isUnityClass":false},{"assemblyName":"Unity.InputSystem","nameSpace":"UnityEngine.InputSystem","className":"InputSystem","methodName":"RunInitializeInPlayer","loadTypes":4,"isUnityClass":true},{"assemblyName":"Unity.InputSystem","nameSpace":"UnityEngine.InputSystem","className":"InputSystem","methodName":"RunInitialUpdate","loadTypes":1,"isUnityClass":true},{"assemblyName":"Unity.Services.Core","nameSpace":"Unity.Services.Core","className":"UnityThreadUtils","methodName":"CaptureUnityThreadInfo","loadTypes":4,"isUnityClass":true},{"assemblyName":"Unity.Services.Core.Internal","nameSpace":"Unity.Services.Core.Internal","className":"TaskAsyncOperation","methodName":"SetScheduler","loadTypes":1,"isUnityClass":true},{"assemblyName":"Unity.Services.Core.Internal","nameSpace":"Unity.Services.Core.Internal","className":"UnityServicesInitializer","methodName":"CreateStaticInstance","loadTypes":2,"isUnityClass":true},{"assemblyName":"Unity.Services.Core.Internal","nameSpace":"Unity.Services.Core.Internal","className":"UnityServicesInitializer","methodName":"EnableServicesInitializationAsync","loadTypes":0,"isUnityClass":true},{"assemblyName":"Unity.Services.Core.Registration","nameSpace":"Unity.Services.Core.Registration","className":"CorePackageInitializer","methodName":"Register","loadTypes":1,"isUnityClass":true},{"assemblyName":"Unity.VisualScripting.Core","nameSpace":"Unity.VisualScripting","className":"RuntimeVSUsageUtility","methodName":"RuntimeInitializeOnLoadBeforeSceneLoad","loadTypes":1,"isUnityClass":true},{"assemblyName":"Unity.XR.Management","nameSpace":"UnityEngine.XR.Management","className":"XRGeneralSettings","methodName":"AttemptInitializeXRSDKOnLoad","loadTypes":2,"isUnityClass":true},{"assemblyName":"Unity.XR.Management","nameSpace":"UnityEngine.XR.Management","className":"XRGeneralSettings","methodName":"AttemptStartXRSDKOnBeforeSplashScreen","loadTypes":3,"isUnityClass":true},{"assemblyName":"Unity.XR.Simulation","nameSpace":"UnityEngine.XR.Simulation","className":"InputLayoutLoader","methodName":"RegisterLayouts","loadTypes":4,"isUnityClass":true},{"assemblyName":"Unity.XR.Simulation","nameSpace":"UnityEngine.XR.Simulation","className":"SimulationImageTrackingSubsystem","methodName":"RegisterDescriptor","loadTypes":4,"isUnityClass":true},{"assemblyName":"Unity.XR.Simulation","nameSpace":"UnityEngine.XR.Simulation","className":"SimulationPlaneSubsystem","methodName":"RegisterDescriptor","loadTypes":4,"isUnityClass":true},{"assemblyName":"Unity.XR.Simulation","nameSpace":"UnityEngine.XR.Simulation","className":"SimulationPointCloudSubsystem","methodName":"RegisterDescriptor","loadTypes":4,"isUnityClass":true},{"assemblyName":"Unity.XR.Simulation","nameSpace":"UnityEngine.XR.Simulation","className":"SimulationRaycastSubsystem","methodName":"RegisterDescriptor","loadTypes":4,"isUnityClass":true},{"assemblyName":"Unity.XR.Simulation","nameSpace":"UnityEngine.XR.Simulation","className":"SimulationCameraSubsystem","methodName":"Register","loadTypes":4,"isUnityClass":true},{"assemblyName":"Unity.XR.Simulation","nameSpace":"UnityEngine.XR.Simulation","className":"SimulationSessionSubsystem","methodName":"RegisterDescriptor","loadTypes":4,"isUnityClass":true}]}
